id,account_type,SQL_Account_Name_Code,SQL_Account_Name,SQL_Account_Category_Order_Code,SQL_Account_Category_Order,Sub_Account_Category_Order_Code,Sub_Account_Category_Order,SQL_Account_Group_Name_Code,SQL_Account_Group_Name,SQL_Sub_Account_Group_Name_Code,SQL_Sub_Account_Group_Name,DC_BS_Account_Name,Amount,Total_Amount,Prior,Operator,SQL_BS_Account_ID,SQL_Property,Month,updated_at
1,Account_Type_1,ACC001,Account_Name_1,CATEG_ORDER_CODE_1,Category_Order_1,SUB_CATEG_CODE_1,Sub_Category_1,GROUP_CODE_1,Group_Name_1,SUB_GROUP_CODE_1,Sub_Group_1,DC_Account_Name_1,1010.00,2020.00,Prior_1,Operator_1,SQL_BS_00001,Property_1,2024-02-01,2024-12-21 12:00:00
2,Account_Type_2,ACC002,Account_Name_2,CATEG_ORDER_CODE_2,Category_Order_2,SUB_CATEG_CODE_2,Sub_Category_2,GROUP_CODE_2,Group_Name_2,SUB_GROUP_CODE_2,Sub_Group_2,DC_Account_Name_2,1020.00,2040.00,Prior_2,Operator_0,SQL_BS_00002,Property_2,2024-03-01,2024-12-21 12:00:00
3,Account_Type_3,ACC003,Account_Name_3,CATEG_ORDER_CODE_3,Category_Order_3,SUB_CATEG_CODE_3,Sub_Category_3,GROUP_CODE_3,Group_Name_3,SUB_GROUP_CODE_3,Sub_Group_3,DC_Account_Name_3,1030.00,2060.00,Prior_0,Operator_1,SQL_BS_00003,Property_3,2024-04-01,2024-12-21 12:00:00
4,Account_Type_4,ACC004,Account_Name_4,CATEG_ORDER_CODE_4,Category_Order_4,SUB_CATEG_CODE_4,Sub_Category_4,GROUP_CODE_4,Group_Name_4,SUB_GROUP_CODE_0,Sub_Group_0,DC_Account_Name_4,1040.00,2080.00,Prior_1,Operator_0,SQL_BS_00004,Property_4,2024-05-01,2024-12-21 12:00:00
5,Account_Type_5,ACC005,Account_Name_5,CATEG_ORDER_CODE_0,Category_Order_0,SUB_CATEG_CODE_5,Sub_Category_5,GROUP_CODE_5,Group_Name_5,SUB_GROUP_CODE_1,Sub_Group_1,DC_Account_Name_5,1050.00,2100.00,Prior_2,Operator_1,SQL_BS_00005,Property_5,2024-06-01,2024-12-21 12:00:00
6,Account_Type_6,ACC006,Account_Name_6,CATEG_ORDER_CODE_1,Category_Order_1,SUB_CATEG_CODE_6,Sub_Category_6,GROUP_CODE_0,Group_Name_0,SUB_GROUP_CODE_2,Sub_Group_2,DC_Account_Name_6,1060.00,2120.00,Prior_0,Operator_0,SQL_BS_00006,Property_6,2024-07-01,2024-12-21 12:00:00
7,Account_Type_7,ACC007,Account_Name_7,CATEG_ORDER_CODE_2,Category_Order_2,SUB_CATEG_CODE_0,Sub_Category_0,GROUP_CODE_1,Group_Name_1,SUB_GROUP_CODE_3,Sub_Group_3,DC_Account_Name_7,1070.00,2140.00,Prior_1,Operator_1,SQL_BS_00007,Property_7,2024-08-01,2024-12-21 12:00:00
8,Account_Type_8,ACC008,Account_Name_8,CATEG_ORDER_CODE_3,Category_Order_3,SUB_CATEG_CODE_1,Sub_Category_1,GROUP_CODE_2,Group_Name_2,SUB_GROUP_CODE_0,Sub_Group_0,DC_Account_Name_8,1080.00,2160.00,Prior_2,Operator_0,SQL_BS_00008,Property_0,2024-09-01,2024-12-21 12:00:00
9,Account_Type_9,ACC009,Account_Name_9,CATEG_ORDER_CODE_4,Category_Order_4,SUB_CATEG_CODE_2,Sub_Category_2,GROUP_CODE_3,Group_Name_3,SUB_GROUP_CODE_1,Sub_Group_1,DC_Account_Name_9,1090.00,2180.00,Prior_0,Operator_1,SQL_BS_00009,Property_1,2024-10-01,2024-12-21 12:00:00
10,Account_Type_0,ACC010,Account_Name_10,CATEG_ORDER_CODE_0,Category_Order_0,SUB_CATEG_CODE_3,Sub_Category_3,GROUP_CODE_4,Group_Name_4,SUB_GROUP_CODE_2,Sub_Group_2,DC_Account_Name_10,1100.00,2200.00,Prior_1,Operator_0,SQL_BS_00010,Property_2,2024-11-01,2024-12-21 12:00:00
11,Account_Type_1,ACC011,Account_Name_11,CATEG_ORDER_CODE_1,Category_Order_1,SUB_CATEG_CODE_4,Sub_Category_4,GROUP_CODE_5,Group_Name_5,SUB_GROUP_CODE_3,Sub_Group_3,DC_Account_Name_11,1110.00,2220.00,Prior_2,Operator_1,SQL_BS_00011,Property_3,2024-12-01,2024-12-21 12:00:00
12,Account_Type_2,ACC012,Account_Name_12,CATEG_ORDER_CODE_2,Category_Order_2,SUB_CATEG_CODE_5,Sub_Category_5,GROUP_CODE_0,Group_Name_0,SUB_GROUP_CODE_0,Sub_Group_0,DC_Account_Name_12,1120.00,2240.00,Prior_0,Operator_0,SQL_BS_00012,Property_4,2024-01-01,2024-12-21 12:00:00
13,Account_Type_3,ACC013,Account_Name_13,CATEG_ORDER_CODE_3,Category_Order_3,SUB_CATEG_CODE_6,Sub_Category_6,GROUP_CODE_1,Group_Name_1,SUB_GROUP_CODE_1,Sub_Group_1,DC_Account_Name_13,1130.00,2260.00,Prior_1,Operator_1,SQL_BS_00013,Property_5,2024-02-01,2024-12-21 12:00:00
14,Account_Type_4,ACC014,Account_Name_14,CATEG_ORDER_CODE_4,Category_Order_4,SUB_CATEG_CODE_0,Sub_Category_0,GROUP_CODE_2,Group_Name_2,SUB_GROUP_CODE_2,Sub_Group_2,DC_Account_Name_14,1140.00,2280.00,Prior_2,Operator_0,SQL_BS_00014,Property_6,2024-03-01,2024-12-21 12:00:00
15,Account_Type_5,ACC015,Account_Name_15,CATEG_ORDER_CODE_0,Category_Order_0,SUB_CATEG_CODE_1,Sub_Category_1,GROUP_CODE_3,Group_Name_3,SUB_GROUP_CODE_3,Sub_Group_3,DC_Account_Name_15,1150.00,2300.00,Prior_0,Operator_1,SQL_BS_00015,Property_7,2024-04-01,2024-12-21 12:00:00
16,Account_Type_6,ACC016,Account_Name_16,CATEG_ORDER_CODE_1,Category_Order_1,SUB_CATEG_CODE_2,Sub_Category_2,GROUP_CODE_4,Group_Name_4,SUB_GROUP_CODE_0,Sub_Group_0,DC_Account_Name_16,1160.00,2320.00,Prior_1,Operator_0,SQL_BS_00016,Property_0,2024-05-01,2024-12-21 12:00:00
17,Account_Type_7,ACC017,Account_Name_17,CATEG_ORDER_CODE_2,Category_Order_2,SUB_CATEG_CODE_3,Sub_Category_3,GROUP_CODE_5,Group_Name_5,SUB_GROUP_CODE_1,Sub_Group_1,DC_Account_Name_17,1170.00,2340.00,Prior_2,Operator_1,SQL_BS_00017,Property_1,2024-06-01,2024-12-21 12:00:00
18,Account_Type_8,ACC018,Account_Name_18,CATEG_ORDER_CODE_3,Category_Order_3,SUB_CATEG_CODE_4,Sub_Category_4,GROUP_CODE_0,Group_Name_0,SUB_GROUP_CODE_2,Sub_Group_2,DC_Account_Name_18,1180.00,2360.00,Prior_0,Operator_0,SQL_BS_00018,Property_2,2024-07-01,2024-12-21 12:00:00
19,Account_Type_9,ACC019,Account_Name_19,CATEG_ORDER_CODE_4,Category_Order_4,SUB_CATEG_CODE_5,Sub_Category_5,GROUP_CODE_1,Group_Name_1,SUB_GROUP_CODE_3,Sub_Group_3,DC_Account_Name_19,1190.00,2380.00,Prior_1,Operator_1,SQL_BS_00019,Property_3,2024-08-01,2024-12-21 12:00:00
20,Account_Type_0,ACC020,Account_Name_20,CATEG_ORDER_CODE_0,Category_Order_0,SUB_CATEG_CODE_6,Sub_Category_6,GROUP_CODE_2,Group_Name_2,SUB_GROUP_CODE_0,Sub_Group_0,DC_Account_Name_20,1200.00,2400.00,Prior_2,Operator_0,SQL_BS_00020,Property_4,2024-09-01,2024-12-21 12:00:00
21,Account_Type_1,ACC021,Account_Name_21,CATEG_ORDER_CODE_1,Category_Order_1,SUB_CATEG_CODE_0,Sub_Category_0,GROUP_CODE_3,Group_Name_3,SUB_GROUP_CODE_1,Sub_Group_1,DC_Account_Name_21,1210.00,2420.00,Prior_0,Operator_1,SQL_BS_00021,Property_5,2024-10-01,2024-12-21 12:00:00
22,Account_Type_2,ACC022,Account_Name_22,CATEG_ORDER_CODE_2,Category_Order_2,SUB_CATEG_CODE_1,Sub_Category_1,GROUP_CODE_4,Group_Name_4,SUB_GROUP_CODE_2,Sub_Group_2,DC_Account_Name_22,1220.00,2440.00,Prior_1,Operator_0,SQL_BS_00022,Property_6,2024-11-01,2024-12-21 12:00:00
23,Account_Type_3,ACC023,Account_Name_23,CATEG_ORDER_CODE_3,Category_Order_3,SUB_CATEG_CODE_2,Sub_Category_2,GROUP_CODE_5,Group_Name_5,SUB_GROUP_CODE_3,Sub_Group_3,DC_Account_Name_23,1230.00,2460.00,Prior_2,Operator_1,SQL_BS_00023,Property_7,2024-12-01,2024-12-21 12:00:00
24,Account_Type_4,ACC024,Account_Name_24,CATEG_ORDER_CODE_4,Category_Order_4,SUB_CATEG_CODE_3,Sub_Category_3,GROUP_CODE_0,Group_Name_0,SUB_GROUP_CODE_0,Sub_Group_0,DC_Account_Name_24,1240.00,2480.00,Prior_0,Operator_0,SQL_BS_00024,Property_0,2024-01-01,2024-12-21 12:00:00
25,Account_Type_5,ACC025,Account_Name_25,CATEG_ORDER_CODE_0,Category_Order_0,SUB_CATEG_CODE_4,Sub_Category_4,GROUP_CODE_1,Group_Name_1,SUB_GROUP_CODE_1,Sub_Group_1,DC_Account_Name_25,1250.00,2500.00,Prior_1,Operator_1,SQL_BS_00025,Property_1,2024-02-01,2024-12-21 12:00:00
26,Account_Type_6,ACC026,Account_Name_26,CATEG_ORDER_CODE_1,Category_Order_1,SUB_CATEG_CODE_5,Sub_Category_5,GROUP_CODE_2,Group_Name_2,SUB_GROUP_CODE_2,Sub_Group_2,DC_Account_Name_26,1260.00,2520.00,Prior_2,Operator_0,SQL_BS_00026,Property_2,2024-03-01,2024-12-21 12:00:00
27,Account_Type_7,ACC027,Account_Name_27,CATEG_ORDER_CODE_2,Category_Order_2,SUB_CATEG_CODE_6,Sub_Category_6,GROUP_CODE_3,Group_Name_3,SUB_GROUP_CODE_3,Sub_Group_3,DC_Account_Name_27,1270.00,2540.00,Prior_0,Operator_1,SQL_BS_00027,Property_3,2024-04-01,2024-12-21 12:00:00
28,Account_Type_8,ACC028,Account_Name_28,CATEG_ORDER_CODE_3,Category_Order_3,SUB_CATEG_CODE_0,Sub_Category_0,GROUP_CODE_4,Group_Name_4,SUB_GROUP_CODE_0,Sub_Group_0,DC_Account_Name_28,1280.00,2560.00,Prior_1,Operator_0,SQL_BS_00028,Property_4,2024-05-01,2024-12-21 12:00:00
29,Account_Type_9,ACC029,Account_Name_29,CATEG_ORDER_CODE_4,Category_Order_4,SUB_CATEG_CODE_1,Sub_Category_1,GROUP_CODE_5,Group_Name_5,SUB_GROUP_CODE_1,Sub_Group_1,DC_Account_Name_29,1290.00,2580.00,Prior_2,Operator_1,SQL_BS_00029,Property_5,2024-06-01,2024-12-21 12:00:00
30,Account_Type_0,ACC030,Account_Name_30,CATEG_ORDER_CODE_0,Category_Order_0,SUB_CATEG_CODE_2,Sub_Category_2,GROUP_CODE_0,Group_Name_0,SUB_GROUP_CODE_2,Sub_Group_2,DC_Account_Name_30,1300.00,2600.00,Prior_0,Operator_0,SQL_BS_00030,Property_6,2024-07-01,2024-12-21 12:00:00
31,Account_Type_1,ACC031,Account_Name_31,CATEG_ORDER_CODE_1,Category_Order_1,SUB_CATEG_CODE_3,Sub_Category_3,GROUP_CODE_1,Group_Name_1,SUB_GROUP_CODE_3,Sub_Group_3,DC_Account_Name_31,1310.00,2620.00,Prior_1,Operator_1,SQL_BS_00031,Property_7,2024-08-01,2024-12-21 12:00:00
32,Account_Type_2,ACC032,Account_Name_32,CATEG_ORDER_CODE_2,Category_Order_2,SUB_CATEG_CODE_4,Sub_Category_4,GROUP_CODE_2,Group_Name_2,SUB_GROUP_CODE_0,Sub_Group_0,DC_Account_Name_32,1320.00,2640.00,Prior_2,Operator_0,SQL_BS_00032,Property_0,2024-09-01,2024-12-21 12:00:00
33,Account_Type_3,ACC033,Account_Name_33,CATEG_ORDER_CODE_3,Category_Order_3,SUB_CATEG_CODE_5,Sub_Category_5,GROUP_CODE_3,Group_Name_3,SUB_GROUP_CODE_1,Sub_Group_1,DC_Account_Name_33,1330.00,2660.00,Prior_0,Operator_1,SQL_BS_00033,Property_1,2024-10-01,2024-12-21 12:00:00
34,Account_Type_4,ACC034,Account_Name_34,CATEG_ORDER_CODE_4,Category_Order_4,SUB_CATEG_CODE_6,Sub_Category_6,GROUP_CODE_4,Group_Name_4,SUB_GROUP_CODE_2,Sub_Group_2,DC_Account_Name_34,1340.00,2680.00,Prior_1,Operator_0,SQL_BS_00034,Property_2,2024-11-01,2024-12-21 12:00:00
35,Account_Type_5,ACC035,Account_Name_35,CATEG_ORDER_CODE_0,Category_Order_0,SUB_CATEG_CODE_0,Sub_Category_0,GROUP_CODE_5,Group_Name_5,SUB_GROUP_CODE_3,Sub_Group_3,DC_Account_Name_35,1350.00,2700.00,Prior_2,Operator_1,SQL_BS_00035,Property_3,2024-12-01,2024-12-21 12:00:00
36,Account_Type_6,ACC036,Account_Name_36,CATEG_ORDER_CODE_1,Category_Order_1,SUB_CATEG_CODE_1,Sub_Category_1,GROUP_CODE_0,Group_Name_0,SUB_GROUP_CODE_0,Sub_Group_0,DC_Account_Name_36,1360.00,2720.00,Prior_0,Operator_0,SQL_BS_00036,Property_4,2024-01-01,2024-12-21 12:00:00
37,Account_Type_7,ACC037,Account_Name_37,CATEG_ORDER_CODE_2,Category_Order_2,SUB_CATEG_CODE_2,Sub_Category_2,GROUP_CODE_1,Group_Name_1,SUB_GROUP_CODE_1,Sub_Group_1,DC_Account_Name_37,1370.00,2740.00,Prior_1,Operator_1,SQL_BS_00037,Property_5,2024-02-01,2024-12-21 12:00:00
38,Account_Type_8,ACC038,Account_Name_38,CATEG_ORDER_CODE_3,Category_Order_3,SUB_CATEG_CODE_3,Sub_Category_3,GROUP_CODE_2,Group_Name_2,SUB_GROUP_CODE_2,Sub_Group_2,DC_Account_Name_38,1380.00,2760.00,Prior_2,Operator_0,SQL_BS_00038,Property_6,2024-03-01,2024-12-21 12:00:00
39,Account_Type_9,ACC039,Account_Name_39,CATEG_ORDER_CODE_4,Category_Order_4,SUB_CATEG_CODE_4,Sub_Category_4,GROUP_CODE_3,Group_Name_3,SUB_GROUP_CODE_3,Sub_Group_3,DC_Account_Name_39,1390.00,2780.00,Prior_0,Operator_1,SQL_BS_00039,Property_7,2024-04-01,2024-12-21 12:00:00
40,Account_Type_0,ACC040,Account_Name_40,CATEG_ORDER_CODE_0,Category_Order_0,SUB_CATEG_CODE_5,Sub_Category_5,GROUP_CODE_4,Group_Name_4,SUB_GROUP_CODE_0,Sub_Group_0,DC_Account_Name_40,1400.00,2800.00,Prior_1,Operator_0,SQL_BS_00040,Property_0,2024-05-01,2024-12-21 12:00:00
41,Account_Type_1,ACC041,Account_Name_41,CATEG_ORDER_CODE_1,Category_Order_1,SUB_CATEG_CODE_6,Sub_Category_6,GROUP_CODE_5,Group_Name_5,SUB_GROUP_CODE_1,Sub_Group_1,DC_Account_Name_41,1410.00,2820.00,Prior_2,Operator_1,SQL_BS_00041,Property_1,2024-06-01,2024-12-21 12:00:00
42,Account_Type_2,ACC042,Account_Name_42,CATEG_ORDER_CODE_2,Category_Order_2,SUB_CATEG_CODE_0,Sub_Category_0,GROUP_CODE_0,Group_Name_0,SUB_GROUP_CODE_2,Sub_Group_2,DC_Account_Name_42,1420.00,2840.00,Prior_0,Operator_0,SQL_BS_00042,Property_2,2024-07-01,2024-12-21 12:00:00
43,Account_Type_3,ACC043,Account_Name_43,CATEG_ORDER_CODE_3,Category_Order_3,SUB_CATEG_CODE_1,Sub_Category_1,GROUP_CODE_1,Group_Name_1,SUB_GROUP_CODE_3,Sub_Group_3,DC_Account_Name_43,1430.00,2860.00,Prior_1,Operator_1,SQL_BS_00043,Property_3,2024-08-01,2024-12-21 12:00:00
44,Account_Type_4,ACC044,Account_Name_44,CATEG_ORDER_CODE_4,Category_Order_4,SUB_CATEG_CODE_2,Sub_Category_2,GROUP_CODE_2,Group_Name_2,SUB_GROUP_CODE_0,Sub_Group_0,DC_Account_Name_44,1440.00,2880.00,Prior_2,Operator_0,SQL_BS_00044,Property_4,2024-09-01,2024-12-21 12:00:00
45,Account_Type_5,ACC045,Account_Name_45,CATEG_ORDER_CODE_0,Category_Order_0,SUB_CATEG_CODE_3,Sub_Category_3,GROUP_CODE_3,Group_Name_3,SUB_GROUP_CODE_1,Sub_Group_1,DC_Account_Name_45,1450.00,2900.00,Prior_0,Operator_1,SQL_BS_00045,Property_5,2024-10-01,2024-12-21 12:00:00
46,Account_Type_6,ACC046,Account_Name_46,CATEG_ORDER_CODE_1,Category_Order_1,SUB_CATEG_CODE_4,Sub_Category_4,GROUP_CODE_4,Group_Name_4,SUB_GROUP_CODE_2,Sub_Group_2,DC_Account_Name_46,1460.00,2920.00,Prior_1,Operator_0,SQL_BS_00046,Property_6,2024-11-01,2024-12-21 12:00:00
47,Account_Type_7,ACC047,Account_Name_47,CATEG_ORDER_CODE_2,Category_Order_2,SUB_CATEG_CODE_5,Sub_Category_5,GROUP_CODE_5,Group_Name_5,SUB_GROUP_CODE_3,Sub_Group_3,DC_Account_Name_47,1470.00,2940.00,Prior_2,Operator_1,SQL_BS_00047,Property_7,2024-12-01,2024-12-21 12:00:00
48,Account_Type_8,ACC048,Account_Name_48,CATEG_ORDER_CODE_3,Category_Order_3,SUB_CATEG_CODE_6,Sub_Category_6,GROUP_CODE_0,Group_Name_0,SUB_GROUP_CODE_0,Sub_Group_0,DC_Account_Name_48,1480.00,2960.00,Prior_0,Operator_0,SQL_BS_00048,Property_0,2024-01-01,2024-12-21 12:00:00
49,Account_Type_9,ACC049,Account_Name_49,CATEG_ORDER_CODE_4,Category_Order_4,SUB_CATEG_CODE_0,Sub_Category_0,GROUP_CODE_1,Group_Name_1,SUB_GROUP_CODE_1,Sub_Group_1,DC_Account_Name_49,1490.00,2980.00,Prior_1,Operator_1,SQL_BS_00049,Property_1,2024-02-01,2024-12-21 12:00:00
50,Account_Type_0,ACC050,Account_Name_50,CATEG_ORDER_CODE_0,Category_Order_0,SUB_CATEG_CODE_1,Sub_Category_1,GROUP_CODE_2,Group_Name_2,SUB_GROUP_CODE_2,Sub_Group_2,DC_Account_Name_50,1500.00,3000.00,Prior_2,Operator_0,SQL_BS_00050,Property_2,2024-03-01,2024-12-21 12:00:00
51,Account_Type_1,ACC051,Account_Name_51,CATEG_ORDER_CODE_1,Category_Order_1,SUB_CATEG_CODE_2,Sub_Category_2,GROUP_CODE_3,Group_Name_3,SUB_GROUP_CODE_3,Sub_Group_3,DC_Account_Name_51,1510.00,3020.00,Prior_0,Operator_1,SQL_BS_00051,Property_3,2024-04-01,2024-12-21 12:00:00
52,Account_Type_2,ACC052,Account_Name_52,CATEG_ORDER_CODE_2,Category_Order_2,SUB_CATEG_CODE_3,Sub_Category_3,GROUP_CODE_4,Group_Name_4,SUB_GROUP_CODE_0,Sub_Group_0,DC_Account_Name_52,1520.00,3040.00,Prior_1,Operator_0,SQL_BS_00052,Property_4,2024-05-01,2024-12-21 12:00:00
53,Account_Type_3,ACC053,Account_Name_53,CATEG_ORDER_CODE_3,Category_Order_3,SUB_CATEG_CODE_4,Sub_Category_4,GROUP_CODE_5,Group_Name_5,SUB_GROUP_CODE_1,Sub_Group_1,DC_Account_Name_53,1530.00,3060.00,Prior_2,Operator_1,SQL_BS_00053,Property_5,2024-06-01,2024-12-21 12:00:00
54,Account_Type_4,ACC054,Account_Name_54,CATEG_ORDER_CODE_4,Category_Order_4,SUB_CATEG_CODE_5,Sub_Category_5,GROUP_CODE_0,Group_Name_0,SUB_GROUP_CODE_2,Sub_Group_2,DC_Account_Name_54,1540.00,3080.00,Prior_0,Operator_0,SQL_BS_00054,Property_6,2024-07-01,2024-12-21 12:00:00
55,Account_Type_5,ACC055,Account_Name_55,CATEG_ORDER_CODE_0,Category_Order_0,SUB_CATEG_CODE_6,Sub_Category_6,GROUP_CODE_1,Group_Name_1,SUB_GROUP_CODE_3,Sub_Group_3,DC_Account_Name_55,1550.00,3100.00,Prior_1,Operator_1,SQL_BS_00055,Property_7,2024-08-01,2024-12-21 12:00:00
56,Account_Type_6,ACC056,Account_Name_56,CATEG_ORDER_CODE_1,Category_Order_1,SUB_CATEG_CODE_0,Sub_Category_0,GROUP_CODE_2,Group_Name_2,SUB_GROUP_CODE_0,Sub_Group_0,DC_Account_Name_56,1560.00,3120.00,Prior_2,Operator_0,SQL_BS_00056,Property_0,2024-09-01,2024-12-21 12:00:00
57,Account_Type_7,ACC057,Account_Name_57,CATEG_ORDER_CODE_2,Category_Order_2,SUB_CATEG_CODE_1,Sub_Category_1,GROUP_CODE_3,Group_Name_3,SUB_GROUP_CODE_1,Sub_Group_1,DC_Account_Name_57,1570.00,3140.00,Prior_0,Operator_1,SQL_BS_00057,Property_1,2024-10-01,2024-12-21 12:00:00
58,Account_Type_8,ACC058,Account_Name_58,CATEG_ORDER_CODE_3,Category_Order_3,SUB_CATEG_CODE_2,Sub_Category_2,GROUP_CODE_4,Group_Name_4,SUB_GROUP_CODE_2,Sub_Group_2,DC_Account_Name_58,1580.00,3160.00,Prior_1,Operator_0,SQL_BS_00058,Property_2,2024-11-01,2024-12-21 12:00:00
59,Account_Type_9,ACC059,Account_Name_59,CATEG_ORDER_CODE_4,Category_Order_4,SUB_CATEG_CODE_3,Sub_Category_3,GROUP_CODE_5,Group_Name_5,SUB_GROUP_CODE_3,Sub_Group_3,DC_Account_Name_59,1590.00,3180.00,Prior_2,Operator_1,SQL_BS_00059,Property_3,2024-12-01,2024-12-21 12:00:00
60,Account_Type_0,ACC060,Account_Name_60,CATEG_ORDER_CODE_0,Category_Order_0,SUB_CATEG_CODE_4,Sub_Category_4,GROUP_CODE_0,Group_Name_0,SUB_GROUP_CODE_0,Sub_Group_0,DC_Account_Name_60,1600.00,3200.00,Prior_0,Operator_0,SQL_BS_00060,Property_4,2024-01-01,2024-12-21 12:00:00
61,Account_Type_1,ACC061,Account_Name_61,CATEG_ORDER_CODE_1,Category_Order_1,SUB_CATEG_CODE_5,Sub_Category_5,GROUP_CODE_1,Group_Name_1,SUB_GROUP_CODE_1,Sub_Group_1,DC_Account_Name_61,1610.00,3220.00,Prior_1,Operator_1,SQL_BS_00061,Property_5,2024-02-01,2024-12-21 12:00:00
62,Account_Type_2,ACC062,Account_Name_62,CATEG_ORDER_CODE_2,Category_Order_2,SUB_CATEG_CODE_6,Sub_Category_6,GROUP_CODE_2,Group_Name_2,SUB_GROUP_CODE_2,Sub_Group_2,DC_Account_Name_62,1620.00,3240.00,Prior_2,Operator_0,SQL_BS_00062,Property_6,2024-03-01,2024-12-21 12:00:00
63,Account_Type_3,ACC063,Account_Name_63,CATEG_ORDER_CODE_3,Category_Order_3,SUB_CATEG_CODE_0,Sub_Category_0,GROUP_CODE_3,Group_Name_3,SUB_GROUP_CODE_3,Sub_Group_3,DC_Account_Name_63,1630.00,3260.00,Prior_0,Operator_1,SQL_BS_00063,Property_7,2024-04-01,2024-12-21 12:00:00
64,Account_Type_4,ACC064,Account_Name_64,CATEG_ORDER_CODE_4,Category_Order_4,SUB_CATEG_CODE_1,Sub_Category_1,GROUP_CODE_4,Group_Name_4,SUB_GROUP_CODE_0,Sub_Group_0,DC_Account_Name_64,1640.00,3280.00,Prior_1,Operator_0,SQL_BS_00064,Property_0,2024-05-01,2024-12-21 12:00:00
65,Account_Type_5,ACC065,Account_Name_65,CATEG_ORDER_CODE_0,Category_Order_0,SUB_CATEG_CODE_2,Sub_Category_2,GROUP_CODE_5,Group_Name_5,SUB_GROUP_CODE_1,Sub_Group_1,DC_Account_Name_65,1650.00,3300.00,Prior_2,Operator_1,SQL_BS_00065,Property_1,2024-06-01,2024-12-21 12:00:00
66,Account_Type_6,ACC066,Account_Name_66,CATEG_ORDER_CODE_1,Category_Order_1,SUB_CATEG_CODE_3,Sub_Category_3,GROUP_CODE_0,Group_Name_0,SUB_GROUP_CODE_2,Sub_Group_2,DC_Account_Name_66,1660.00,3320.00,Prior_0,Operator_0,SQL_BS_00066,Property_2,2024-07-01,2024-12-21 12:00:00
67,Account_Type_7,ACC067,Account_Name_67,CATEG_ORDER_CODE_2,Category_Order_2,SUB_CATEG_CODE_4,Sub_Category_4,GROUP_CODE_1,Group_Name_1,SUB_GROUP_CODE_3,Sub_Group_3,DC_Account_Name_67,1670.00,3340.00,Prior_1,Operator_1,SQL_BS_00067,Property_3,2024-08-01,2024-12-21 12:00:00
68,Account_Type_8,ACC068,Account_Name_68,CATEG_ORDER_CODE_3,Category_Order_3,SUB_CATEG_CODE_5,Sub_Category_5,GROUP_CODE_2,Group_Name_2,SUB_GROUP_CODE_0,Sub_Group_0,DC_Account_Name_68,1680.00,3360.00,Prior_2,Operator_0,SQL_BS_00068,Property_4,2024-09-01,2024-12-21 12:00:00
69,Account_Type_9,ACC069,Account_Name_69,CATEG_ORDER_CODE_4,Category_Order_4,SUB_CATEG_CODE_6,Sub_Category_6,GROUP_CODE_3,Group_Name_3,SUB_GROUP_CODE_1,Sub_Group_1,DC_Account_Name_69,1690.00,3380.00,Prior_0,Operator_1,SQL_BS_00069,Property_5,2024-10-01,2024-12-21 12:00:00
70,Account_Type_0,ACC070,Account_Name_70,CATEG_ORDER_CODE_0,Category_Order_0,SUB_CATEG_CODE_0,Sub_Category_0,GROUP_CODE_4,Group_Name_4,SUB_GROUP_CODE_2,Sub_Group_2,DC_Account_Name_70,1700.00,3400.00,Prior_1,Operator_0,SQL_BS_00070,Property_6,2024-11-01,2024-12-21 12:00:00
71,Account_Type_1,ACC071,Account_Name_71,CATEG_ORDER_CODE_1,Category_Order_1,SUB_CATEG_CODE_1,Sub_Category_1,GROUP_CODE_5,Group_Name_5,SUB_GROUP_CODE_3,Sub_Group_3,DC_Account_Name_71,1710.00,3420.00,Prior_2,Operator_1,SQL_BS_00071,Property_7,2024-12-01,2024-12-21 12:00:00
72,Account_Type_2,ACC072,Account_Name_72,CATEG_ORDER_CODE_2,Category_Order_2,SUB_CATEG_CODE_2,Sub_Category_2,GROUP_CODE_0,Group_Name_0,SUB_GROUP_CODE_0,Sub_Group_0,DC_Account_Name_72,1720.00,3440.00,Prior_0,Operator_0,SQL_BS_00072,Property_0,2024-01-01,2024-12-21 12:00:00
73,Account_Type_3,ACC073,Account_Name_73,CATEG_ORDER_CODE_3,Category_Order_3,SUB_CATEG_CODE_3,Sub_Category_3,GROUP_CODE_1,Group_Name_1,SUB_GROUP_CODE_1,Sub_Group_1,DC_Account_Name_73,1730.00,3460.00,Prior_1,Operator_1,SQL_BS_00073,Property_1,2024-02-01,2024-12-21 12:00:00
74,Account_Type_4,ACC074,Account_Name_74,CATEG_ORDER_CODE_4,Category_Order_4,SUB_CATEG_CODE_4,Sub_Category_4,GROUP_CODE_2,Group_Name_2,SUB_GROUP_CODE_2,Sub_Group_2,DC_Account_Name_74,1740.00,3480.00,Prior_2,Operator_0,SQL_BS_00074,Property_2,2024-03-01,2024-12-21 12:00:00
75,Account_Type_5,ACC075,Account_Name_75,CATEG_ORDER_CODE_0,Category_Order_0,SUB_CATEG_CODE_5,Sub_Category_5,GROUP_CODE_3,Group_Name_3,SUB_GROUP_CODE_3,Sub_Group_3,DC_Account_Name_75,1750.00,3500.00,Prior_0,Operator_1,SQL_BS_00075,Property_3,2024-04-01,2024-12-21 12:00:00
76,Account_Type_6,ACC076,Account_Name_76,CATEG_ORDER_CODE_1,Category_Order_1,SUB_CATEG_CODE_6,Sub_Category_6,GROUP_CODE_4,Group_Name_4,SUB_GROUP_CODE_0,Sub_Group_0,DC_Account_Name_76,1760.00,3520.00,Prior_1,Operator_0,SQL_BS_00076,Property_4,2024-05-01,2024-12-21 12:00:00
77,Account_Type_7,ACC077,Account_Name_77,CATEG_ORDER_CODE_2,Category_Order_2,SUB_CATEG_CODE_0,Sub_Category_0,GROUP_CODE_5,Group_Name_5,SUB_GROUP_CODE_1,Sub_Group_1,DC_Account_Name_77,1770.00,3540.00,Prior_2,Operator_1,SQL_BS_00077,Property_5,2024-06-01,2024-12-21 12:00:00
78,Account_Type_8,ACC078,Account_Name_78,CATEG_ORDER_CODE_3,Category_Order_3,SUB_CATEG_CODE_1,Sub_Category_1,GROUP_CODE_0,Group_Name_0,SUB_GROUP_CODE_2,Sub_Group_2,DC_Account_Name_78,1780.00,3560.00,Prior_0,Operator_0,SQL_BS_00078,Property_6,2024-07-01,2024-12-21 12:00:00
79,Account_Type_9,ACC079,Account_Name_79,CATEG_ORDER_CODE_4,Category_Order_4,SUB_CATEG_CODE_2,Sub_Category_2,GROUP_CODE_1,Group_Name_1,SUB_GROUP_CODE_3,Sub_Group_3,DC_Account_Name_79,1790.00,3580.00,Prior_1,Operator_1,SQL_BS_00079,Property_7,2024-08-01,2024-12-21 12:00:00
80,Account_Type_0,ACC080,Account_Name_80,CATEG_ORDER_CODE_0,Category_Order_0,SUB_CATEG_CODE_3,Sub_Category_3,GROUP_CODE_2,Group_Name_2,SUB_GROUP_CODE_0,Sub_Group_0,DC_Account_Name_80,1800.00,3600.00,Prior_2,Operator_0,SQL_BS_00080,Property_0,2024-09-01,2024-12-21 12:00:00
81,Account_Type_1,ACC081,Account_Name_81,CATEG_ORDER_CODE_1,Category_Order_1,SUB_CATEG_CODE_4,Sub_Category_4,GROUP_CODE_3,Group_Name_3,SUB_GROUP_CODE_1,Sub_Group_1,DC_Account_Name_81,1810.00,3620.00,Prior_0,Operator_1,SQL_BS_00081,Property_1,2024-10-01,2024-12-21 12:00:00
82,Account_Type_2,ACC082,Account_Name_82,CATEG_ORDER_CODE_2,Category_Order_2,SUB_CATEG_CODE_5,Sub_Category_5,GROUP_CODE_4,Group_Name_4,SUB_GROUP_CODE_2,Sub_Group_2,DC_Account_Name_82,1820.00,3640.00,Prior_1,Operator_0,SQL_BS_00082,Property_2,2024-11-01,2024-12-21 12:00:00
83,Account_Type_3,ACC083,Account_Name_83,CATEG_ORDER_CODE_3,Category_Order_3,SUB_CATEG_CODE_6,Sub_Category_6,GROUP_CODE_5,Group_Name_5,SUB_GROUP_CODE_3,Sub_Group_3,DC_Account_Name_83,1830.00,3660.00,Prior_2,Operator_1,SQL_BS_00083,Property_3,2024-12-01,2024-12-21 12:00:00
84,Account_Type_4,ACC084,Account_Name_84,CATEG_ORDER_CODE_4,Category_Order_4,SUB_CATEG_CODE_0,Sub_Category_0,GROUP_CODE_0,Group_Name_0,SUB_GROUP_CODE_0,Sub_Group_0,DC_Account_Name_84,1840.00,3680.00,Prior_0,Operator_0,SQL_BS_00084,Property_4,2024-01-01,2024-12-21 12:00:00
85,Account_Type_5,ACC085,Account_Name_85,CATEG_ORDER_CODE_0,Category_Order_0,SUB_CATEG_CODE_1,Sub_Category_1,GROUP_CODE_1,Group_Name_1,SUB_GROUP_CODE_1,Sub_Group_1,DC_Account_Name_85,1850.00,3700.00,Prior_1,Operator_1,SQL_BS_00085,Property_5,2024-02-01,2024-12-21 12:00:00
86,Account_Type_6,ACC086,Account_Name_86,CATEG_ORDER_CODE_1,Category_Order_1,SUB_CATEG_CODE_2,Sub_Category_2,GROUP_CODE_2,Group_Name_2,SUB_GROUP_CODE_2,Sub_Group_2,DC_Account_Name_86,1860.00,3720.00,Prior_2,Operator_0,SQL_BS_00086,Property_6,2024-03-01,2024-12-21 12:00:00
87,Account_Type_7,ACC087,Account_Name_87,CATEG_ORDER_CODE_2,Category_Order_2,SUB_CATEG_CODE_3,Sub_Category_3,GROUP_CODE_3,Group_Name_3,SUB_GROUP_CODE_3,Sub_Group_3,DC_Account_Name_87,1870.00,3740.00,Prior_0,Operator_1,SQL_BS_00087,Property_7,2024-04-01,2024-12-21 12:00:00
88,Account_Type_8,ACC088,Account_Name_88,CATEG_ORDER_CODE_3,Category_Order_3,SUB_CATEG_CODE_4,Sub_Category_4,GROUP_CODE_4,Group_Name_4,SUB_GROUP_CODE_0,Sub_Group_0,DC_Account_Name_88,1880.00,3760.00,Prior_1,Operator_0,SQL_BS_00088,Property_0,2024-05-01,2024-12-21 12:00:00
89,Account_Type_9,ACC089,Account_Name_89,CATEG_ORDER_CODE_4,Category_Order_4,SUB_CATEG_CODE_5,Sub_Category_5,GROUP_CODE_5,Group_Name_5,SUB_GROUP_CODE_1,Sub_Group_1,DC_Account_Name_89,1890.00,3780.00,Prior_2,Operator_1,SQL_BS_00089,Property_1,2024-06-01,2024-12-21 12:00:00
90,Account_Type_0,ACC090,Account_Name_90,CATEG_ORDER_CODE_0,Category_Order_0,SUB_CATEG_CODE_6,Sub_Category_6,GROUP_CODE_0,Group_Name_0,SUB_GROUP_CODE_2,Sub_Group_2,DC_Account_Name_90,1900.00,3800.00,Prior_0,Operator_0,SQL_BS_00090,Property_2,2024-07-01,2024-12-21 12:00:00
91,Account_Type_1,ACC091,Account_Name_91,CATEG_ORDER_CODE_1,Category_Order_1,SUB_CATEG_CODE_0,Sub_Category_0,GROUP_CODE_1,Group_Name_1,SUB_GROUP_CODE_3,Sub_Group_3,DC_Account_Name_91,1910.00,3820.00,Prior_1,Operator_1,SQL_BS_00091,Property_3,2024-08-01,2024-12-21 12:00:00
92,Account_Type_2,ACC092,Account_Name_92,CATEG_ORDER_CODE_2,Category_Order_2,SUB_CATEG_CODE_1,Sub_Category_1,GROUP_CODE_2,Group_Name_2,SUB_GROUP_CODE_0,Sub_Group_0,DC_Account_Name_92,1920.00,3840.00,Prior_2,Operator_0,SQL_BS_00092,Property_4,2024-09-01,2024-12-21 12:00:00
93,Account_Type_3,ACC093,Account_Name_93,CATEG_ORDER_CODE_3,Category_Order_3,SUB_CATEG_CODE_2,Sub_Category_2,GROUP_CODE_3,Group_Name_3,SUB_GROUP_CODE_1,Sub_Group_1,DC_Account_Name_93,1930.00,3860.00,Prior_0,Operator_1,SQL_BS_00093,Property_5,2024-10-01,2024-12-21 12:00:00
94,Account_Type_4,ACC094,Account_Name_94,CATEG_ORDER_CODE_4,Category_Order_4,SUB_CATEG_CODE_3,Sub_Category_3,GROUP_CODE_4,Group_Name_4,SUB_GROUP_CODE_2,Sub_Group_2,DC_Account_Name_94,1940.00,3880.00,Prior_1,Operator_0,SQL_BS_00094,Property_6,2024-11-01,2024-12-21 12:00:00
95,Account_Type_5,ACC095,Account_Name_95,CATEG_ORDER_CODE_0,Category_Order_0,SUB_CATEG_CODE_4,Sub_Category_4,GROUP_CODE_5,Group_Name_5,SUB_GROUP_CODE_3,Sub_Group_3,DC_Account_Name_95,1950.00,3900.00,Prior_2,Operator_1,SQL_BS_00095,Property_7,2024-12-01,2024-12-21 12:00:00
96,Account_Type_6,ACC096,Account_Name_96,CATEG_ORDER_CODE_1,Category_Order_1,SUB_CATEG_CODE_5,Sub_Category_5,GROUP_CODE_0,Group_Name_0,SUB_GROUP_CODE_0,Sub_Group_0,DC_Account_Name_96,1960.00,3920.00,Prior_0,Operator_0,SQL_BS_00096,Property_0,2024-01-01,2024-12-21 12:00:00
97,Account_Type_7,ACC097,Account_Name_97,CATEG_ORDER_CODE_2,Category_Order_2,SUB_CATEG_CODE_6,Sub_Category_6,GROUP_CODE_1,Group_Name_1,SUB_GROUP_CODE_1,Sub_Group_1,DC_Account_Name_97,1970.00,3940.00,Prior_1,Operator_1,SQL_BS_00097,Property_1,2024-02-01,2024-12-21 12:00:00
98,Account_Type_8,ACC098,Account_Name_98,CATEG_ORDER_CODE_3,Category_Order_3,SUB_CATEG_CODE_0,Sub_Category_0,GROUP_CODE_2,Group_Name_2,SUB_GROUP_CODE_2,Sub_Group_2,DC_Account_Name_98,1980.00,3960.00,Prior_2,Operator_0,SQL_BS_00098,Property_2,2024-03-01,2024-12-21 12:00:00
99,Account_Type_9,ACC099,Account_Name_99,CATEG_ORDER_CODE_4,Category_Order_4,SUB_CATEG_CODE_1,Sub_Category_1,GROUP_CODE_3,Group_Name_3,SUB_GROUP_CODE_3,Sub_Group_3,DC_Account_Name_99,1990.00,3980.00,Prior_0,Operator_1,SQL_BS_00099,Property_3,2024-04-01,2024-12-21 12:00:00
100,Account_Type_0,ACC100,Account_Name_100,CATEG_ORDER_CODE_0,Category_Order_0,SUB_CATEG_CODE_2,Sub_Category_2,GROUP_CODE_4,Group_Name_4,SUB_GROUP_CODE_0,Sub_Group_0,DC_Account_Name_100,2000.00,4000.00,Prior_1,Operator_0,SQL_BS_00100,Property_4,2024-05-01,2024-12-21 12:00:00
